015af6d108,14fd7b6558c57e97800ace4755819504a7386606
45fccc5906,feff83c0b8b1d26ae9432811de8272f56b412d15
b762567174,767dd65d9cde80d50d8e6b613196908776db7f75
ecf0459122,630f1d05401e97ac6039a0936d18eccc803b6286
da869a470b,38fd61ddd733eb15c13880150cc11e33a5ec2ad9
6e408ee402,fb383840a88dae0ede19af3189c2f0e7b93159aa
b9b7f97d42,41fcf900bec2fd3e87cb24787f2a4dba16f55dc5
37fd128f9f,f19da65839d946487db936abcc54fe09111beaab
793cb2b8e3,3df8ead3510ece84671c3df81e372be6d2aaf488
35e374350c,440af61a908bca792f5544b604a2a18c0b54cb41
329e00661a,4bdeeab2e80d59ea4c955e6481e8f744de3308dd
144c1bbbaf,d60a8ffd4c505500bb9a1446318c63d50ff42400
5a95f91fae,9fbde904032f678845204b2daa64897000265405
1f547225d1,fc259ec6ffc8555eb2177468f16d6a8505e8cd2d
61a8695ab1,550aabaeed83bf424017e94b6f3e313ea06fefa2
3a63b72eea,bbc5c4a6b235a87d032ec2d64552e29a6005025a
9210746a25,d1b3ba18e08d83dda5bd0dc8bc1827ad1ccbb3ad
cfe5a5f188,05669221d447d5cb9296a1b00ccf61bed7cf7095
9056824be5,2e44cf9127f9008bacc6220b98a9504759173dc0
cc4c82a6e7,fc4003d5d2ee470d43e48810fa6692199ff7152a
f5aa8ea4f5,1367027c577b0de97d50368fe1de34fa64e53c08
b8ca5ff280,3458ef0d8bdec2c8c0a3408f68563b64f05d956a
a434489e51,b1292bf8adba0f1d09e7ad79b427c94e42c916b4
75b2850336,4b4e63c49fc66b1b72f2b3f0afe182eef8bcf478
45aa7f732b,76e3aeb5ea95e1d81da1d1f02dbc19808ee68b23
2a4940986a,23ab085cce6c8bee61a9b76df5f9ac0efaded6d2
9d24f614fa,cd01c82d4f93de39eb7ba3c15c47619c0a8347ae
4af94b2f6d,48529995c587525b2abba286504245e6b62b9273
20abdcb794,af4aea8b802007711dd0b610e42769e52409af67
